Z,H,temp,temp_ratio,pressure,pressure_ratio,density,density_ratio,c,g
0.0000000000000000000,0.0000000000000000000,288.1500000000000000000,1.0000000000000000000,101320.0000000000000000000,1.0000000000000000000,1.2250000000000000000,1.0000000000000000000,340.2900000000000000000,9.8066000000000000000
5000.0000000000000000000,5000.0000000000000000000,255.6760000000000000000,0.8873000000000000000,54048.0000000000000000000,0.5334200000000000000,0.7364300000000000000,0.6011700000000000000,320.5500000000000000000,9.7912000000000000000
10000.0000000000000000000,10000.0000000000000000000,223.2520000000000000000,0.7748000000000000000,26500.0000000000000000000,0.2615300000000000000,0.4135100000000000000,0.3375600000000000000,299.5300000000000000000,9.7759000000000000000
15000.0000000000000000000,15000.0000000000000000000,216.6500000000000000000,0.7519000000000000000,12112.0000000000000000000,0.1195300000000000000,0.1947600000000000000,0.1589800000000000000,295.0700000000000000000,9.7605000000000000000
20000.0000000000000000000,19900.0000000000000000000,216.6500000000000000000,0.7519000000000000000,5529.3000000000000000000,0.0545700000000000000,0.0889100000000000000,0.0725800000000000000,295.0700000000000000000,9.7452000000000000000
25000.0000000000000000000,24900.0000000000000000000,221.5520000000000000000,0.7689000000000000000,2549.2000000000000000000,0.0251590000000000000,0.0400840000000000000,0.0327220000000000000,298.3900000000000000000,9.7300000000000000000
30000.0000000000000000000,29900.0000000000000000000,226.5090000000000000000,0.7861000000000000000,1197.0000000000000000000,0.0118140000000000000,0.0184100000000000000,0.0150290000000000000,301.7100000000000000000,9.7147000000000000000
35000.0000000000000000000,34800.0000000000000000000,236.5130000000000000000,0.8208000000000000000,574.5900000000000000000,0.0056708000000000000,0.0084634000000000000,0.0069089000000000000,308.3000000000000000000,9.6995000000000000000
40000.0000000000000000000,39700.0000000000000000000,250.3500000000000000000,0.8688000000000000000,287.1400000000000000000,0.0028339000000000000,0.0039957000000000000,0.0032618000000000000,317.1900000000000000000,9.6844000000000000000
45000.0000000000000000000,44700.0000000000000000000,264.1640000000000000000,0.9168000000000000000,149.1000000000000000000,0.0014715000000000000,0.0019663000000000000,0.0016051000000000000,325.8200000000000000000,9.6693000000000000000
50000.0000000000000000000,49600.0000000000000000000,270.6500000000000000000,0.9393000000000000000,79.7790000000000000000,0.0007873600000000000,0.0010269000000000000,0.0008382700000000000,329.8000000000000000000,9.6542000000000000000
55000.0000000000000000000,54500.0000000000000000000,260.7710000000000000000,0.9050000000000000000,42.5250000000000000000,0.0004196900000000000,0.0005681000000000000,0.0004637500000000000,323.7200000000000000000,9.6391000000000000000
60000.0000000000000000000,59400.0000000000000000000,247.0210000000000000000,0.8573000000000000000,21.9590000000000000000,0.0002167200000000000,0.0003096800000000000,0.0002528000000000000,315.0700000000000000000,9.6241000000000000000
65000.0000000000000000000,64300.0000000000000000000,233.2920000000000000000,0.8096000000000000000,10.9300000000000000000,0.0001078700000000000,0.0001632100000000000,0.0001332300000000000,306.1900000000000000000,9.6091000000000000000
70000.0000000000000000000,69200.0000000000000000000,219.5850000000000000000,0.7621000000000000000,5.2209000000000000000,0.0000515260000000000,0.0000828290000000000,0.0000676150000000000,297.0600000000000000000,9.5942000000000000000
75000.0000000000000000000,74100.0000000000000000000,208.3990000000000000000,0.7232000000000000000,2.3881000000000000000,0.0000235690000000000,0.0000399210000000000,0.0000325890000000000,289.4000000000000000000,9.5793000000000000000
80000.0000000000000000000,79000.0000000000000000000,198.6390000000000000000,0.6894000000000000000,1.0525000000000000000,0.0000103870000000000,0.0000184580000000000,0.0000150680000000000,282.5400000000000000000,9.5644000000000000000
85000.0000000000000000000,83900.0000000000000000000,188.8930000000000000000,0.6555000000000000000,0.4456800000000000000,0.0000043985000000000,0.0000082195000000000,0.0000067098000000000,275.5200000000000000000,9.5496000000000000000
90000.0000000000000000000,88700.0000000000000000000,186.8670000000000000000,0.6485000000000000000,0.1843500000000000000,0.0000018194000000000,0.0000034400000000000,0.0000028082000000000,274.0400000000000000000,9.5347000000000000000
95000.0000000000000000000,93600.0000000000000000000,188.4180000000000000000,0.6539000000000000000,0.0757750000000000000,0.0000007478400000000,0.0000013873000000000,0.0000011325000000000,275.1700000000000000000,9.5200000000000000000
100000.0000000000000000000,98500.0000000000000000000,195.0810000000000000000,0.6770000000000000000,0.0320120000000000000,0.0000003159300000000,0.0000005604400000000,0.0000004575000000000,280.0000000000000000000,9.5052000000000000000
105000.0000000000000000000,103300.0000000000000000000,208.8350000000000000000,0.7247000000000000000,0.0144230000000000000,0.0000001423500000000,0.0000002332500000000,0.0000001904100000000,289.7000000000000000000,9.4905000000000000000
110000.0000000000000000000,108100.0000000000000000000,240.0000000000000000000,0.8329000000000000000,0.0071493000000000000,0.0000000705590000000,0.0000000967340000000,0.0000000789670000000,310.5600000000000000000,9.4759000000000000000
115000.0000000000000000000,113000.0000000000000000000,300.0000000000000000000,1.0411000000000000000,0.0040037000000000000,0.0000000395130000000,0.0000000427940000000,0.0000000349340000000,347.2200000000000000000,9.4612000000000000000
120000.0000000000000000000,117800.0000000000000000000,360.0000000000000000000,1.2493000000000000000,0.0025366000000000000,0.0000000250350000000,0.0000000221990000000,0.0000000181210000000,380.3600000000000000000,9.4466000000000000000
125000.0000000000000000000,122600.0000000000000000000,417.2310000000000000000,1.4480000000000000000,0.0017360000000000000,0.0000000171330000000,0.0000000129180000000,0.0000000105450000000,409.4800000000000000000,9.4321000000000000000
130000.0000000000000000000,127400.0000000000000000000,469.2680000000000000000,1.6286000000000000000,0.0012503000000000000,0.0000000123400000000,0.0000000081494000000,0.0000000066526000000,434.2700000000000000000,9.4175000000000000000
135000.0000000000000000000,132200.0000000000000000000,516.5890000000000000000,1.7928000000000000000,0.0009356900000000000,0.0000000092345000000,0.0000000054647000000,0.0000000044610000000,455.6400000000000000000,9.4030000000000000000
140000.0000000000000000000,137000.0000000000000000000,559.6270000000000000000,1.9421000000000000000,0.0007202900000000000,0.0000000071087000000,0.0000000038313000000,0.0000000031276000000,474.2400000000000000000,9.3886000000000000000
145000.0000000000000000000,141800.0000000000000000000,598.7760000000000000000,2.0780000000000000000,0.0005669000000000000,0.0000000055948000000,0.0000000027805000000,0.0000000022698000000,490.5400000000000000000,9.3741000000000000000
150000.0000000000000000000,146500.0000000000000000000,634.3920000000000000000,2.2016000000000000000,0.0004542200000000000,0.0000000044828000000,0.0000000020752000000,0.0000000016940000000,504.9200000000000000000,9.3597000000000000000
155000.0000000000000000000,151300.0000000000000000000,666.7990000000000000000,2.3141000000000000000,0.0003692900000000000,0.0000000036446000000,0.0000000015848000000,0.0000000012937000000,517.6600000000000000000,9.3453000000000000000
160000.0000000000000000000,156100.0000000000000000000,696.2900000000000000000,2.4164000000000000000,0.0003039400000000000,0.0000000029997000000,0.0000000012336000000,0.0000000010070000000,528.9800000000000000000,9.3310000000000000000
165000.0000000000000000000,160800.0000000000000000000,723.1320000000000000000,2.5096000000000000000,0.0002527700000000000,0.0000000024946000000,0.0000000009752600000,0.0000000007961300000,539.0800000000000000000,9.3167000000000000000
170000.0000000000000000000,165600.0000000000000000000,747.5660000000000000000,2.5944000000000000000,0.0002121000000000000,0.0000000020933000000,0.0000000007815500000,0.0000000006380000000,548.1100000000000000000,9.3024000000000000000
175000.0000000000000000000,170300.0000000000000000000,769.8110000000000000000,2.6716000000000000000,0.0001793600000000000,0.0000000017702000000,0.0000000006338200000,0.0000000005174000000,556.2100000000000000000,9.2882000000000000000
180000.0000000000000000000,175000.0000000000000000000,790.0660000000000000000,2.7419000000000000000,0.0001527200000000000,0.0000000015072000000,0.0000000005194000000,0.0000000004240000000,563.4800000000000000000,9.2740000000000000000
185000.0000000000000000000,179800.0000000000000000000,808.5110000000000000000,2.8059000000000000000,0.0001308100000000000,0.0000000012910000000,0.0000000004295200000,0.0000000003506300000,570.0200000000000000000,9.2598000000000000000
190000.0000000000000000000,184500.0000000000000000000,825.3120000000000000000,2.8642000000000000000,0.0001126500000000000,0.0000000011118000000,0.0000000003580700000,0.0000000002923000000,575.9100000000000000000,9.2457000000000000000
195000.0000000000000000000,189200.0000000000000000000,840.6160000000000000000,2.9173000000000000000,0.0000974890000000000,0.0000000009621400000,0.0000000003006400000,0.0000000002454200000,581.2200000000000000000,9.2316000000000000000
200000.0000000000000000000,193900.0000000000000000000,854.5590000000000000000,2.9657000000000000000,0.0000847360000000000,0.0000000008362800000,0.0000000002540700000,0.0000000002074000000,586.0200000000000000000,9.2175000000000000000
205000.0000000000000000000,198600.0000000000000000000,867.2640000000000000000,3.0098000000000000000,0.0000739430000000000,0.0000000007297600000,0.0000000002159600000,0.0000000001763000000,590.3600000000000000000,9.2035000000000000000
210000.0000000000000000000,203300.0000000000000000000,878.8420000000000000000,3.0499000000000000000,0.0000647570000000000,0.0000000006391100000,0.0000000001845600000,0.0000000001506600000,594.2900000000000000000,9.1895000000000000000
215000.0000000000000000000,208000.0000000000000000000,889.3950000000000000000,3.0866000000000000000,0.0000569020000000000,0.0000000005615700000,0.0000000001584900000,0.0000000001293800000,597.8500000000000000000,9.1755000000000000000
220000.0000000000000000000,212600.0000000000000000000,899.0140000000000000000,3.1200000000000000000,0.0000501500000000000,0.0000000004949400000,0.0000000001367100000,0.0000000001116000000,601.0700000000000000000,9.1615000000000000000
225000.0000000000000000000,217300.0000000000000000000,907.7850000000000000000,3.1504000000000000000,0.0000443210000000000,0.0000000004374100000,0.0000000001183900000,0.0000000000966430000,604.0000000000000000000,9.1476000000000000000
230000.0000000000000000000,222000.0000000000000000000,915.7820000000000000000,3.1781000000000000000,0.0000392700000000000,0.0000000003875600000,0.0000000001029000000,0.0000000000840020000,606.6500000000000000000,9.1337000000000000000
235000.0000000000000000000,226600.0000000000000000000,923.0750000000000000000,3.2035000000000000000,0.0000348790000000000,0.0000000003442300000,0.0000000000897570000,0.0000000000732710000,609.0600000000000000000,9.1199000000000000000
240000.0000000000000000000,231300.0000000000000000000,929.7260000000000000000,3.2265000000000000000,0.0000310510000000000,0.0000000003064400000,0.0000000000785500000,0.0000000000641220000,611.2600000000000000000,9.1061000000000000000
245000.0000000000000000000,235900.0000000000000000000,935.7940000000000000000,3.2476000000000000000,0.0000277010000000000,0.0000000002733900000,0.0000000000689540000,0.0000000000562890000,613.2500000000000000000,9.0923000000000000000
250000.0000000000000000000,240500.0000000000000000000,941.3300000000000000000,3.2668000000000000000,0.0000247620000000000,0.0000000002443900000,0.0000000000607060000,0.0000000000495560000,615.0600000000000000000,9.0785000000000000000
255000.0000000000000000000,245200.0000000000000000000,946.3810000000000000000,3.2843000000000000000,0.0000221760000000000,0.0000000002188600000,0.0000000000535870000,0.0000000000437440000,616.7100000000000000000,9.0648000000000000000
260000.0000000000000000000,249800.0000000000000000000,950.9910000000000000000,3.3003000000000000000,0.0000198940000000000,0.0000000001963400000,0.0000000000474200000,0.0000000000387100000,618.2100000000000000000,9.0511000000000000000
265000.0000000000000000000,254400.0000000000000000000,955.1980000000000000000,3.3149000000000000000,0.0000178750000000000,0.0000000001764100000,0.0000000000420580000,0.0000000000343330000,619.5700000000000000000,9.0374000000000000000
270000.0000000000000000000,259000.0000000000000000000,959.0390000000000000000,3.3283000000000000000,0.0000160840000000000,0.0000000001587400000,0.0000000000373820000,0.0000000000305160000,620.8200000000000000000,9.0238000000000000000
275000.0000000000000000000,263600.0000000000000000000,962.5450000000000000000,3.3404000000000000000,0.0000144940000000000,0.0000000001430400000,0.0000000000332940000,0.0000000000271790000,621.9500000000000000000,9.0102000000000000000
280000.0000000000000000000,268200.0000000000000000000,965.7460000000000000000,3.3515000000000000000,0.0000130780000000000,0.0000000001290600000,0.0000000000297100000,0.0000000000242530000,622.9800000000000000000,8.9966000000000000000
285000.0000000000000000000,272800.0000000000000000000,968.6700000000000000000,3.3617000000000000000,0.0000118150000000000,0.0000000001166000000,0.0000000000265600000,0.0000000000216810000,623.9300000000000000000,8.9831000000000000000
290000.0000000000000000000,277300.0000000000000000000,971.3400000000000000000,3.3710000000000000000,0.0000106860000000000,0.0000000001054600000,0.0000000000237830000,0.0000000000194150000,624.7900000000000000000,8.9696000000000000000
295000.0000000000000000000,281900.0000000000000000000,973.7790000000000000000,3.3794000000000000000,0.0000096760000000000,0.0000000000954950000,0.0000000000213310000,0.0000000000174130000,625.5700000000000000000,8.9561000000000000000
300000.0000000000000000000,286500.0000000000000000000,976.0080000000000000000,3.3872000000000000000,0.0000087704000000000,0.0000000000865570000,0.0000000000191590000,0.0000000000156400000,626.2800000000000000000,8.9427000000000000000
305000.0000000000000000000,291000.0000000000000000000,978.0440000000000000000,3.3942000000000000000,0.0000079571000000000,0.0000000000785300000,0.0000000000172320000,0.0000000000140670000,626.9400000000000000000,8.9292000000000000000
310000.0000000000000000000,295600.0000000000000000000,979.9040000000000000000,3.4007000000000000000,0.0000072259000000000,0.0000000000713140000,0.0000000000155190000,0.0000000000126680000,627.5300000000000000000,8.9158000000000000000
315000.0000000000000000000,300100.0000000000000000000,981.6050000000000000000,3.4066000000000000000,0.0000065678000000000,0.0000000000648190000,0.0000000000139940000,0.0000000000114230000,628.0800000000000000000,8.9025000000000000000
320000.0000000000000000000,304700.0000000000000000000,983.1590000000000000000,3.4120000000000000000,0.0000059748000000000,0.0000000000589670000,0.0000000000126340000,0.0000000000103130000,628.5700000000000000000,8.8892000000000000000
325000.0000000000000000000,309200.0000000000000000000,984.5800000000000000000,3.4169000000000000000,0.0000054400000000000,0.0000000000536890000,0.0000000000114190000,0.0000000000093218000,629.0300000000000000000,8.8759000000000000000
330000.0000000000000000000,313700.0000000000000000000,985.8800000000000000000,3.4214000000000000000,0.0000049571000000000,0.0000000000489230000,0.0000000000103330000,0.0000000000084353000,629.4400000000000000000,8.8626000000000000000
335000.0000000000000000000,318200.0000000000000000000,987.0680000000000000000,3.4255000000000000000,0.0000045208000000000,0.0000000000446170000,0.0000000000093607000,0.0000000000076414000,629.8200000000000000000,8.8494000000000000000
340000.0000000000000000000,322700.0000000000000000000,988.1540000000000000000,3.4293000000000000000,0.0000041260000000000,0.0000000000407210000,0.0000000000084886000,0.0000000000069295000,630.1700000000000000000,8.8361000000000000000
345000.0000000000000000000,327200.0000000000000000000,989.1480000000000000000,3.4328000000000000000,0.0000037686000000000,0.0000000000371930000,0.0000000000077054000,0.0000000000062901000,630.4900000000000000000,8.8230000000000000000
350000.0000000000000000000,331700.0000000000000000000,990.0570000000000000000,3.4359000000000000000,0.0000034446000000000,0.0000000000339960000,0.0000000000070011000,0.0000000000057152000,630.7800000000000000000,8.8098000000000000000
355000.0000000000000000000,336200.0000000000000000000,990.8890000000000000000,3.4388000000000000000,0.0000031507000000000,0.0000000000310950000,0.0000000000063670000,0.0000000000051976000,631.0400000000000000000,8.7967000000000000000
360000.0000000000000000000,340700.0000000000000000000,991.6500000000000000000,3.4414000000000000000,0.0000028839000000000,0.0000000000284620000,0.0000000000057954000,0.0000000000047310000,631.2800000000000000000,8.7836000000000000000
365000.0000000000000000000,345200.0000000000000000000,992.3470000000000000000,3.4439000000000000000,0.0000026414000000000,0.0000000000260680000,0.0000000000052795000,0.0000000000043098000,631.5000000000000000000,8.7705000000000000000
370000.0000000000000000000,349600.0000000000000000000,992.9840000000000000000,3.4461000000000000000,0.0000024208000000000,0.0000000000238910000,0.0000000000048132000,0.0000000000039292000,631.7100000000000000000,8.7575000000000000000
375000.0000000000000000000,354100.0000000000000000000,993.5680000000000000000,3.4481000000000000000,0.0000022200000000000,0.0000000000219090000,0.0000000000043914000,0.0000000000035848000,631.8900000000000000000,8.7445000000000000000
380000.0000000000000000000,358600.0000000000000000000,994.1020000000000000000,3.4499000000000000000,0.0000020370000000000,0.0000000000201040000,0.0000000000040093000,0.0000000000032729000,632.0600000000000000000,8.7315000000000000000
385000.0000000000000000000,363000.0000000000000000000,994.5910000000000000000,3.4516000000000000000,0.0000018702000000000,0.0000000000184570000,0.0000000000036629000,0.0000000000029901000,632.2200000000000000000,8.7186000000000000000
390000.0000000000000000000,367500.0000000000000000000,995.0390000000000000000,3.4532000000000000000,0.0000017179000000000,0.0000000000169540000,0.0000000000033484000,0.0000000000027334000,632.3600000000000000000,8.7057000000000000000
395000.0000000000000000000,371900.0000000000000000000,995.4500000000000000000,3.4546000000000000000,0.0000015789000000000,0.0000000000155820000,0.0000000000030627000,0.0000000000025002000,632.4900000000000000000,8.6928000000000000000
400000.0000000000000000000,376300.0000000000000000000,995.8250000000000000000,3.4559000000000000000,0.0000014518000000000,0.0000000000143280000,0.0000000000028028000,0.0000000000022880000,632.6100000000000000000,8.6799000000000000000
405000.0000000000000000000,380700.0000000000000000000,996.1700000000000000000,3.4571000000000000000,0.0000013356000000000,0.0000000000131810000,0.0000000000025662000,0.0000000000020949000,632.7200000000000000000,8.6671000000000000000
410000.0000000000000000000,385200.0000000000000000000,996.4850000000000000000,3.4582000000000000000,0.0000012292000000000,0.0000000000121320000,0.0000000000023507000,0.0000000000019189000,632.8200000000000000000,8.6543000000000000000
415000.0000000000000000000,389600.0000000000000000000,996.7740000000000000000,3.4592000000000000000,0.0000011319000000000,0.0000000000111710000,0.0000000000021543000,0.0000000000017586000,632.9100000000000000000,8.6415000000000000000
420000.0000000000000000000,394000.0000000000000000000,997.0390000000000000000,3.4601000000000000000,0.0000010428000000000,0.0000000000102920000,0.0000000000019752000,0.0000000000016124000,633.0000000000000000000,8.6288000000000000000
425000.0000000000000000000,398400.0000000000000000000,997.2820000000000000000,3.4610000000000000000,0.0000009611900000000,0.0000000000094862000,0.0000000000018118000,0.0000000000014790000,633.0700000000000000000,8.6160000000000000000
430000.0000000000000000000,402800.0000000000000000000,997.5050000000000000000,3.4618000000000000000,0.0000008864200000000,0.0000000000087483000,0.0000000000016626000,0.0000000000013573000,633.1400000000000000000,8.6033000000000000000
435000.0000000000000000000,407100.0000000000000000000,997.7090000000000000000,3.4625000000000000000,0.0000008178900000000,0.0000000000080719000,0.0000000000015265000,0.0000000000012461000,633.2100000000000000000,8.5907000000000000000
440000.0000000000000000000,411500.0000000000000000000,997.8960000000000000000,3.4631000000000000000,0.0000007550500000000,0.0000000000074518000,0.0000000000014020000,0.0000000000011445000,633.2700000000000000000,8.5780000000000000000
445000.0000000000000000000,415900.0000000000000000000,998.0670000000000000000,3.4637000000000000000,0.0000006974100000000,0.0000000000068829000,0.0000000000012883000,0.0000000000010517000,633.3200000000000000000,8.5654000000000000000
450000.0000000000000000000,420300.0000000000000000000,998.2250000000000000000,3.4643000000000000000,0.0000006445200000000,0.0000000000063609000,0.0000000000011843000,0.0000000000009667600,633.3700000000000000000,8.5529000000000000000
455000.0000000000000000000,424600.0000000000000000000,998.3690000000000000000,3.4648000000000000000,0.0000005959700000000,0.0000000000058818000,0.0000000000010891000,0.0000000000008890700,633.4200000000000000000,8.5403000000000000000
460000.0000000000000000000,429000.0000000000000000000,998.5020000000000000000,3.4652000000000000000,0.0000005513900000000,0.0000000000054418000,0.0000000000010020000,0.0000000000008179600,633.4600000000000000000,8.5278000000000000000
465000.0000000000000000000,433300.0000000000000000000,998.6230000000000000000,3.4656000000000000000,0.0000005104300000000,0.0000000000050376000,0.0000000000009222200,0.0000000000007528400,633.5000000000000000000,8.5153000000000000000
470000.0000000000000000000,437600.0000000000000000000,998.7350000000000000000,3.4660000000000000000,0.0000004727900000000,0.0000000000046661000,0.0000000000008491300,0.0000000000006931700,633.5300000000000000000,8.5028000000000000000
475000.0000000000000000000,442000.0000000000000000000,998.8370000000000000000,3.4664000000000000000,0.0000004381800000000,0.0000000000043245000,0.0000000000007821400,0.0000000000006384800,633.5700000000000000000,8.4904000000000000000
480000.0000000000000000000,446300.0000000000000000000,998.9310000000000000000,3.4667000000000000000,0.0000004063400000000,0.0000000000040103000,0.0000000000007207000,0.0000000000005883300,633.6000000000000000000,8.4780000000000000000
485000.0000000000000000000,450600.0000000000000000000,999.0170000000000000000,3.4670000000000000000,0.0000003770500000000,0.0000000000037212000,0.0000000000006643400,0.0000000000005423200,633.6200000000000000000,8.4656000000000000000
490000.0000000000000000000,454900.0000000000000000000,999.0960000000000000000,3.4673000000000000000,0.0000003500800000000,0.0000000000034550000,0.0000000000006126100,0.0000000000005000900,633.6500000000000000000,8.4532000000000000000
495000.0000000000000000000,459200.0000000000000000000,999.1690000000000000000,3.4675000000000000000,0.0000003252400000000,0.0000000000032099000,0.0000000000005651100,0.0000000000004613200,633.6700000000000000000,8.4409000000000000000
500000.0000000000000000000,463500.0000000000000000000,999.2360000000000000000,3.4678000000000000000,0.0000003023500000000,0.0000000000029840000,0.0000000000005214800,0.0000000000004257000,633.6900000000000000000,8.4286000000000000000
505000.0000000000000000000,467800.0000000000000000000,999.2970000000000000000,3.4680000000000000000,0.0000002812600000000,0.0000000000027758000,0.0000000000004813900,0.0000000000003929700,633.7100000000000000000,8.4163000000000000000
510000.0000000000000000000,472100.0000000000000000000,999.3530000000000000000,3.4682000000000000000,0.0000002618000000000,0.0000000000025838000,0.0000000000004445400,0.0000000000003628900,633.7300000000000000000,8.4040000000000000000
515000.0000000000000000000,476400.0000000000000000000,999.4050000000000000000,3.4683000000000000000,0.0000002438600000000,0.0000000000024067000,0.0000000000004106500,0.0000000000003352300,633.7500000000000000000,8.3918000000000000000
520000.0000000000000000000,480700.0000000000000000000,999.4520000000000000000,3.4685000000000000000,0.0000002273000000000,0.0000000000022433000,0.0000000000003794900,0.0000000000003097900,633.7600000000000000000,8.3796000000000000000
525000.0000000000000000000,484900.0000000000000000000,999.4960000000000000000,3.4687000000000000000,0.0000002120200000000,0.0000000000020924000,0.0000000000003508300,0.0000000000002863900,633.7800000000000000000,8.3675000000000000000
530000.0000000000000000000,489200.0000000000000000000,999.5360000000000000000,3.4688000000000000000,0.0000001979000000000,0.0000000000019531000,0.0000000000003244600,0.0000000000002648700,633.7900000000000000000,8.3553000000000000000
535000.0000000000000000000,493500.0000000000000000000,999.5730000000000000000,3.4689000000000000000,0.0000001848600000000,0.0000000000018245000,0.0000000000003001900,0.0000000000002450500,633.8000000000000000000,8.3432000000000000000
540000.0000000000000000000,497700.0000000000000000000,999.6070000000000000000,3.4691000000000000000,0.0000001728100000000,0.0000000000017055000,0.0000000000002778500,0.0000000000002268100,633.8100000000000000000,8.3311000000000000000
545000.0000000000000000000,502000.0000000000000000000,999.6380000000000000000,3.4692000000000000000,0.0000001616800000000,0.0000000000015956000,0.0000000000002572700,0.0000000000002100200,633.8200000000000000000,8.3190000000000000000
550000.0000000000000000000,506200.0000000000000000000,999.6670000000000000000,3.4693000000000000000,0.0000001513700000000,0.0000000000014939000,0.0000000000002383200,0.0000000000001945500,633.8300000000000000000,8.3070000000000000000
555000.0000000000000000000,510400.0000000000000000000,999.6930000000000000000,3.4693000000000000000,0.0000001418400000000,0.0000000000013999000,0.0000000000002208600,0.0000000000001803000,633.8400000000000000000,8.2950000000000000000
560000.0000000000000000000,514700.0000000000000000000,999.7170000000000000000,3.4694000000000000000,0.0000001330200000000,0.0000000000013128000,0.0000000000002047700,0.0000000000001671600,633.8500000000000000000,8.2830000000000000000
565000.0000000000000000000,518900.0000000000000000000,999.7400000000000000000,3.4695000000000000000,0.0000001248500000000,0.0000000000012322000,0.0000000000001899300,0.0000000000001550500,633.8500000000000000000,8.2710000000000000000
570000.0000000000000000000,523100.0000000000000000000,999.7600000000000000000,3.4696000000000000000,0.0000001172800000000,0.0000000000011575000,0.0000000000001762500,0.0000000000001438800,633.8600000000000000000,8.2591000000000000000
575000.0000000000000000000,527300.0000000000000000000,999.7790000000000000000,3.4696000000000000000,0.0000001102700000000,0.0000000000010883000,0.0000000000001636300,0.0000000000001335800,633.8700000000000000000,8.2472000000000000000
580000.0000000000000000000,531500.0000000000000000000,999.7960000000000000000,3.4697000000000000000,0.0000001037700000000,0.0000000000010241000,0.0000000000001519900,0.0000000000001240700,633.8700000000000000000,8.2353000000000000000
585000.0000000000000000000,535700.0000000000000000000,999.8120000000000000000,3.4698000000000000000,0.0000000977390000000,0.0000000000009646100,0.0000000000001412400,0.0000000000001152900,633.8800000000000000000,8.2234000000000000000
590000.0000000000000000000,539900.0000000000000000000,999.8270000000000000000,3.4698000000000000000,0.0000000921450000000,0.0000000000009094000,0.0000000000001313100,0.0000000000001071900,633.8800000000000000000,8.2116000000000000000
595000.0000000000000000000,544100.0000000000000000000,999.8410000000000000000,3.4699000000000000000,0.0000000869520000000,0.0000000000008581500,0.0000000000001221400,0.0000000000000997060,633.8800000000000000000,8.1998000000000000000
600000.0000000000000000000,548300.0000000000000000000,999.8530000000000000000,3.4699000000000000000,0.0000000821300000000,0.0000000000008105600,0.0000000000001136700,0.0000000000000927900,633.8900000000000000000,8.1880000000000000000
605000.0000000000000000000,552400.0000000000000000000,999.8640000000000000000,3.4699000000000000000,0.0000000776500000000,0.0000000000007663500,0.0000000000001058400,0.0000000000000863980,633.8900000000000000000,8.1762000000000000000
610000.0000000000000000000,556600.0000000000000000000,999.8750000000000000000,3.4700000000000000000,0.0000000734860000000,0.0000000000007252500,0.0000000000000985970,0.0000000000000804880,633.9000000000000000000,8.1645000000000000000
615000.0000000000000000000,560700.0000000000000000000,999.8850000000000000000,3.4700000000000000000,0.0000000696120000000,0.0000000000006870200,0.0000000000000919030,0.0000000000000750230,633.9000000000000000000,8.1528000000000000000
620000.0000000000000000000,564900.0000000000000000000,999.8940000000000000000,3.4700000000000000000,0.0000000660050000000,0.0000000000006514200,0.0000000000000857100,0.0000000000000699670,633.9000000000000000000,8.1411000000000000000
625000.0000000000000000000,569100.0000000000000000000,999.9020000000000000000,3.4701000000000000000,0.0000000626440000000,0.0000000000006182400,0.0000000000000799810,0.0000000000000652900,633.9000000000000000000,8.1295000000000000000
630000.0000000000000000000,573200.0000000000000000000,999.9100000000000000000,3.4701000000000000000,0.0000000595100000000,0.0000000000005873100,0.0000000000000746780,0.0000000000000609620,633.9100000000000000000,8.1178000000000000000
635000.0000000000000000000,577300.0000000000000000000,999.9170000000000000000,3.4701000000000000000,0.0000000565850000000,0.0000000000005584500,0.0000000000000697700,0.0000000000000569550,633.9100000000000000000,8.1062000000000000000
640000.0000000000000000000,581500.0000000000000000000,999.9230000000000000000,3.4701000000000000000,0.0000000538550000000,0.0000000000005315000,0.0000000000000652250,0.0000000000000532450,633.9100000000000000000,8.0947000000000000000
645000.0000000000000000000,585600.0000000000000000000,999.9290000000000000000,3.4702000000000000000,0.0000000513030000000,0.0000000000005063200,0.0000000000000610150,0.0000000000000498080,633.9100000000000000000,8.0831000000000000000
650000.0000000000000000000,589700.0000000000000000000,999.9340000000000000000,3.4702000000000000000,0.0000000489170000000,0.0000000000004827700,0.0000000000000571140,0.0000000000000466240,633.9100000000000000000,8.0716000000000000000
655000.0000000000000000000,593800.0000000000000000000,999.9390000000000000000,3.4702000000000000000,0.0000000466840000000,0.0000000000004607400,0.0000000000000534990,0.0000000000000436720,633.9200000000000000000,8.0601000000000000000
660000.0000000000000000000,597900.0000000000000000000,999.9440000000000000000,3.4702000000000000000,0.0000000445940000000,0.0000000000004401100,0.0000000000000501470,0.0000000000000409360,633.9200000000000000000,8.0486000000000000000
665000.0000000000000000000,602000.0000000000000000000,999.9480000000000000000,3.4702000000000000000,0.0000000426350000000,0.0000000000004207800,0.0000000000000470380,0.0000000000000383980,633.9200000000000000000,8.0371000000000000000
670000.0000000000000000000,606100.0000000000000000000,999.9520000000000000000,3.4702000000000000000,0.0000000407990000000,0.0000000000004026500,0.0000000000000441540,0.0000000000000360440,633.9200000000000000000,8.0257000000000000000
675000.0000000000000000000,610200.0000000000000000000,999.9560000000000000000,3.4703000000000000000,0.0000000390760000000,0.0000000000003856500,0.0000000000000414780,0.0000000000000338590,633.9200000000000000000,8.0143000000000000000
680000.0000000000000000000,614300.0000000000000000000,999.9590000000000000000,3.4703000000000000000,0.0000000374590000000,0.0000000000003696900,0.0000000000000389930,0.0000000000000318310,633.9200000000000000000,8.0029000000000000000
685000.0000000000000000000,618400.0000000000000000000,999.9620000000000000000,3.4703000000000000000,0.0000000359400000000,0.0000000000003547000,0.0000000000000366860,0.0000000000000299480,633.9200000000000000000,7.9915000000000000000
690000.0000000000000000000,622400.0000000000000000000,999.9650000000000000000,3.4703000000000000000,0.0000000345130000000,0.0000000000003406200,0.0000000000000345420,0.0000000000000281980,633.9200000000000000000,7.9802000000000000000
695000.0000000000000000000,626500.0000000000000000000,999.9680000000000000000,3.4703000000000000000,0.0000000331710000000,0.0000000000003273700,0.0000000000000325500,0.0000000000000265720,633.9300000000000000000,7.9689000000000000000
700000.0000000000000000000,630600.0000000000000000000,999.9700000000000000000,3.4703000000000000000,0.0000000319080000000,0.0000000000003149100,0.0000000000000306980,0.0000000000000250600,633.9300000000000000000,7.9576000000000000000
705000.0000000000000000000,634600.0000000000000000000,999.9730000000000000000,3.4703000000000000000,0.0000000307200000000,0.0000000000003031800,0.0000000000000289760,0.0000000000000236540,633.9300000000000000000,7.9463000000000000000
710000.0000000000000000000,638700.0000000000000000000,999.9750000000000000000,3.4703000000000000000,0.0000000296000000000,0.0000000000002921300,0.0000000000000273740,0.0000000000000223460,633.9300000000000000000,7.9351000000000000000
715000.0000000000000000000,642700.0000000000000000000,999.9770000000000000000,3.4703000000000000000,0.0000000285430000000,0.0000000000002817000,0.0000000000000258820,0.0000000000000211280,633.9300000000000000000,7.9239000000000000000
720000.0000000000000000000,646700.0000000000000000000,999.9780000000000000000,3.4703000000000000000,0.0000000275460000000,0.0000000000002718600,0.0000000000000244910,0.0000000000000199930,633.9300000000000000000,7.9127000000000000000
725000.0000000000000000000,650800.0000000000000000000,999.9800000000000000000,3.4703000000000000000,0.0000000266050000000,0.0000000000002625700,0.0000000000000231960,0.0000000000000189350,633.9300000000000000000,7.9015000000000000000
730000.0000000000000000000,654800.0000000000000000000,999.9820000000000000000,3.4704000000000000000,0.0000000257140000000,0.0000000000002537800,0.0000000000000219870,0.0000000000000179480,633.9300000000000000000,7.8904000000000000000
735000.0000000000000000000,658800.0000000000000000000,999.9830000000000000000,3.4704000000000000000,0.0000000248710000000,0.0000000000002454500,0.0000000000000208580,0.0000000000000170270,633.9300000000000000000,7.8792000000000000000
740000.0000000000000000000,662800.0000000000000000000,999.9840000000000000000,3.4704000000000000000,0.0000000240720000000,0.0000000000002375700,0.0000000000000198050,0.0000000000000161670,633.9300000000000000000,7.8681000000000000000
745000.0000000000000000000,666800.0000000000000000000,999.9850000000000000000,3.4704000000000000000,0.0000000233140000000,0.0000000000002300900,0.0000000000000188200,0.0000000000000153630,633.9300000000000000000,7.8571000000000000000
750000.0000000000000000000,670800.0000000000000000000,999.9860000000000000000,3.4704000000000000000,0.0000000225950000000,0.0000000000002230000,0.0000000000000179000,0.0000000000000146120,633.9300000000000000000,7.8460000000000000000
755000.0000000000000000000,674800.0000000000000000000,999.9870000000000000000,3.4704000000000000000,0.0000000219120000000,0.0000000000002162600,0.0000000000000170390,0.0000000000000139090,633.9300000000000000000,7.8350000000000000000
760000.0000000000000000000,678800.0000000000000000000,999.9880000000000000000,3.4704000000000000000,0.0000000212630000000,0.0000000000002098500,0.0000000000000162330,0.0000000000000132510,633.9300000000000000000,7.8240000000000000000
765000.0000000000000000000,682800.0000000000000000000,999.9890000000000000000,3.4704000000000000000,0.0000000206440000000,0.0000000000002037400,0.0000000000000154780,0.0000000000000126350,633.9300000000000000000,7.8130000000000000000
770000.0000000000000000000,686800.0000000000000000000,999.9900000000000000000,3.4704000000000000000,0.0000000200550000000,0.0000000000001979300,0.0000000000000147710,0.0000000000000120580,633.9300000000000000000,7.8020000000000000000
775000.0000000000000000000,690800.0000000000000000000,999.9910000000000000000,3.4704000000000000000,0.0000000194930000000,0.0000000000001923800,0.0000000000000141080,0.0000000000000115170,633.9300000000000000000,7.7911000000000000000
780000.0000000000000000000,694800.0000000000000000000,999.9920000000000000000,3.4704000000000000000,0.0000000189570000000,0.0000000000001870900,0.0000000000000134870,0.0000000000000110100,633.9300000000000000000,7.7802000000000000000
785000.0000000000000000000,698700.0000000000000000000,999.9920000000000000000,3.4704000000000000000,0.0000000184450000000,0.0000000000001820300,0.0000000000000129030,0.0000000000000105330,633.9300000000000000000,7.7693000000000000000
790000.0000000000000000000,702700.0000000000000000000,999.9930000000000000000,3.4704000000000000000,0.0000000179550000000,0.0000000000001772000,0.0000000000000123560,0.0000000000000100860,633.9300000000000000000,7.7584000000000000000
795000.0000000000000000000,706600.0000000000000000000,999.9930000000000000000,3.4704000000000000000,0.0000000174850000000,0.0000000000001725700,0.0000000000000118410,0.0000000000000096665,633.9300000000000000000,7.7476000000000000000
800000.0000000000000000000,710600.0000000000000000000,999.9940000000000000000,3.4704000000000000000,0.0000000170360000000,0.0000000000001681300,0.0000000000000113580,0.0000000000000092720,633.9300000000000000000,7.7368000000000000000
805000.0000000000000000000,714500.0000000000000000000,999.9940000000000000000,3.4704000000000000000,0.0000000166040000000,0.0000000000001638700,0.0000000000000109040,0.0000000000000089012,633.9300000000000000000,7.7260000000000000000
810000.0000000000000000000,718500.0000000000000000000,999.9950000000000000000,3.4704000000000000000,0.0000000161900000000,0.0000000000001597900,0.0000000000000104770,0.0000000000000085522,633.9300000000000000000,7.7152000000000000000
815000.0000000000000000000,722400.0000000000000000000,999.9950000000000000000,3.4704000000000000000,0.0000000157930000000,0.0000000000001558600,0.0000000000000100740,0.0000000000000082237,633.9300000000000000000,7.7044000000000000000
820000.0000000000000000000,726300.0000000000000000000,999.9950000000000000000,3.4704000000000000000,0.0000000154110000000,0.0000000000001520900,0.0000000000000096947,0.0000000000000079141,633.9300000000000000000,7.6937000000000000000
825000.0000000000000000000,730200.0000000000000000000,999.9960000000000000000,3.4704000000000000000,0.0000000150440000000,0.0000000000001484700,0.0000000000000093370,0.0000000000000076220,633.9300000000000000000,7.6830000000000000000
830000.0000000000000000000,734100.0000000000000000000,999.9960000000000000000,3.4704000000000000000,0.0000000146900000000,0.0000000000001449800,0.0000000000000089992,0.0000000000000073463,633.9300000000000000000,7.6723000000000000000
835000.0000000000000000000,738100.0000000000000000000,999.9960000000000000000,3.4704000000000000000,0.0000000143500000000,0.0000000000001416300,0.0000000000000086801,0.0000000000000070858,633.9300000000000000000,7.6616000000000000000
840000.0000000000000000000,742000.0000000000000000000,999.9970000000000000000,3.4704000000000000000,0.0000000140230000000,0.0000000000001384000,0.0000000000000083783,0.0000000000000068395,633.9300000000000000000,7.6510000000000000000
845000.0000000000000000000,745900.0000000000000000000,999.9970000000000000000,3.4704000000000000000,0.0000000137070000000,0.0000000000001352800,0.0000000000000080928,0.0000000000000066063,633.9300000000000000000,7.6404000000000000000
850000.0000000000000000000,749700.0000000000000000000,999.9970000000000000000,3.4704000000000000000,0.0000000134030000000,0.0000000000001322800,0.0000000000000078223,0.0000000000000063855,633.9300000000000000000,7.6298000000000000000
855000.0000000000000000000,753600.0000000000000000000,999.9970000000000000000,3.4704000000000000000,0.0000000131100000000,0.0000000000001293800,0.0000000000000075659,0.0000000000000061762,633.9300000000000000000,7.6192000000000000000
860000.0000000000000000000,757500.0000000000000000000,999.9970000000000000000,3.4704000000000000000,0.0000000128270000000,0.0000000000001265900,0.0000000000000073227,0.0000000000000059777,633.9300000000000000000,7.6087000000000000000
865000.0000000000000000000,761400.0000000000000000000,999.9980000000000000000,3.4704000000000000000,0.0000000125530000000,0.0000000000001238900,0.0000000000000070917,0.0000000000000057892,633.9300000000000000000,7.5981000000000000000
870000.0000000000000000000,765300.0000000000000000000,999.9980000000000000000,3.4704000000000000000,0.0000000122890000000,0.0000000000001212800,0.0000000000000068723,0.0000000000000056100,633.9300000000000000000,7.5876000000000000000
875000.0000000000000000000,769100.0000000000000000000,999.9980000000000000000,3.4704000000000000000,0.0000000120330000000,0.0000000000001187600,0.0000000000000066635,0.0000000000000054396,633.9300000000000000000,7.5771000000000000000
880000.0000000000000000000,773000.0000000000000000000,999.9980000000000000000,3.4704000000000000000,0.0000000117860000000,0.0000000000001163200,0.0000000000000064649,0.0000000000000052775,633.9300000000000000000,7.5667000000000000000
885000.0000000000000000000,776800.0000000000000000000,999.9980000000000000000,3.4704000000000000000,0.0000000115470000000,0.0000000000001139600,0.0000000000000062757,0.0000000000000051230,633.9300000000000000000,7.5562000000000000000
890000.0000000000000000000,780700.0000000000000000000,999.9980000000000000000,3.4704000000000000000,0.0000000113150000000,0.0000000000001116700,0.0000000000000060952,0.0000000000000049757,633.9300000000000000000,7.5458000000000000000
895000.0000000000000000000,784500.0000000000000000000,999.9990000000000000000,3.4704000000000000000,0.0000000110910000000,0.0000000000001094600,0.0000000000000059231,0.0000000000000048352,633.9300000000000000000,7.5354000000000000000
900000.0000000000000000000,788400.0000000000000000000,999.9990000000000000000,3.4704000000000000000,0.0000000108730000000,0.0000000000001073100,0.0000000000000057587,0.0000000000000047010,633.9300000000000000000,7.5250000000000000000
905000.0000000000000000000,792200.0000000000000000000,999.9990000000000000000,3.4704000000000000000,0.0000000106620000000,0.0000000000001052300,0.0000000000000056016,0.0000000000000045727,633.9300000000000000000,7.5146000000000000000
910000.0000000000000000000,796000.0000000000000000000,999.9990000000000000000,3.4704000000000000000,0.0000000104570000000,0.0000000000001032000,0.0000000000000054514,0.0000000000000044501,633.9300000000000000000,7.5043000000000000000
915000.0000000000000000000,799900.0000000000000000000,999.9990000000000000000,3.4704000000000000000,0.0000000102580000000,0.0000000000001012300,0.0000000000000053075,0.0000000000000043327,633.9400000000000000000,7.4940000000000000000
920000.0000000000000000000,803700.0000000000000000000,999.9990000000000000000,3.4704000000000000000,0.0000000100640000000,0.0000000000000993220,0.0000000000000051698,0.0000000000000042202,633.9400000000000000000,7.4837000000000000000
925000.0000000000000000000,807500.0000000000000000000,999.9990000000000000000,3.4704000000000000000,0.0000000098752000000,0.0000000000000974600,0.0000000000000050377,0.0000000000000041124,633.9400000000000000000,7.4734000000000000000
930000.0000000000000000000,811300.0000000000000000000,999.9990000000000000000,3.4704000000000000000,0.0000000096915000000,0.0000000000000956480,0.0000000000000049111,0.0000000000000040091,633.9400000000000000000,7.4632000000000000000
935000.0000000000000000000,815100.0000000000000000000,999.9990000000000000000,3.4704000000000000000,0.0000000095126000000,0.0000000000000938820,0.0000000000000047895,0.0000000000000039098,633.9400000000000000000,7.4529000000000000000
940000.0000000000000000000,818900.0000000000000000000,999.9990000000000000000,3.4704000000000000000,0.0000000093380000000,0.0000000000000921590,0.0000000000000046728,0.0000000000000038145,633.9400000000000000000,7.4427000000000000000
945000.0000000000000000000,822700.0000000000000000000,999.9990000000000000000,3.4704000000000000000,0.0000000091677000000,0.0000000000000904780,0.0000000000000045605,0.0000000000000037229,633.9400000000000000000,7.4325000000000000000
950000.0000000000000000000,826500.0000000000000000000,999.9990000000000000000,3.4704000000000000000,0.0000000090013000000,0.0000000000000888360,0.0000000000000044525,0.0000000000000036347,633.9400000000000000000,7.4224000000000000000
955000.0000000000000000000,830300.0000000000000000000,999.9990000000000000000,3.4704000000000000000,0.0000000088387000000,0.0000000000000872310,0.0000000000000043486,0.0000000000000035499,633.9400000000000000000,7.4122000000000000000
960000.0000000000000000000,834000.0000000000000000000,999.9990000000000000000,3.4704000000000000000,0.0000000086796000000,0.0000000000000856610,0.0000000000000042484,0.0000000000000034681,633.9400000000000000000,7.4021000000000000000
965000.0000000000000000000,837800.0000000000000000000,999.9990000000000000000,3.4704000000000000000,0.0000000085239000000,0.0000000000000841240,0.0000000000000041519,0.0000000000000033893,633.9400000000000000000,7.3920000000000000000
970000.0000000000000000000,841600.0000000000000000000,1000.0000000000000000000,3.4704000000000000000,0.0000000083713000000,0.0000000000000826180,0.0000000000000040587,0.0000000000000033132,633.9400000000000000000,7.3819000000000000000
975000.0000000000000000000,845300.0000000000000000000,1000.0000000000000000000,3.4704000000000000000,0.0000000082218000000,0.0000000000000811430,0.0000000000000039687,0.0000000000000032398,633.9400000000000000000,7.3718000000000000000
980000.0000000000000000000,849100.0000000000000000000,1000.0000000000000000000,3.4704000000000000000,0.0000000080751000000,0.0000000000000796950,0.0000000000000038818,0.0000000000000031688,633.9400000000000000000,7.3618000000000000000
985000.0000000000000000000,852800.0000000000000000000,1000.0000000000000000000,3.4704000000000000000,0.0000000079311000000,0.0000000000000782740,0.0000000000000037977,0.0000000000000031002,633.9400000000000000000,7.3518000000000000000
990000.0000000000000000000,856600.0000000000000000000,1000.0000000000000000000,3.4704000000000000000,0.0000000077896000000,0.0000000000000768770,0.0000000000000037163,0.0000000000000030337,633.9400000000000000000,7.3418000000000000000
995000.0000000000000000000,860300.0000000000000000000,1000.0000000000000000000,3.4704000000000000000,0.0000000076505000000,0.0000000000000755050,0.0000000000000036375,0.0000000000000029694,633.9400000000000000000,7.3318000000000000000
1000000.0000000000000000000,864100.0000000000000000000,1000.0000000000000000000,3.4704000000000000000,0.0000000075138000000,0.0000000000000741550,0.0000000000000035611,0.0000000000000029070,633.9400000000000000000,7.3218000000000000000
